账户管理,如何注册新账户？,点击网站右上角的"注册"按钮，填写您的电子邮箱、密码和基本信息，然后按照验证邮件中的指示完成注册。\n
账户管理,忘记密码怎么办？,在登录页面点击"忘记密码"，输入注册邮箱，我们会发送重置密码链接给您。\n
支付订单,支持哪些支付方式？,我们支持微信支付、支付宝、银联卡以及主流信用卡（Visa、Mastercard等）支付。\n
支付订单,如何查看我的订单历史？,登录后，在"个人中心"点击"我的订单"即可查看所有购买记录。\n
观影体验,购买的电影可以观看多长时间？,根据不同电影类型，租赁期通常为48小时至30天不等，购买为永久拥有。具体时间在购买前会在电影详情页显示。\n
观影体验,如何下载电影？,登录后，在"个人中心"点击"我的订单"，选择您想要下载的电影，点击"下载"按钮即可。\n
观影体验,如何查看我的观影记录？,登录后，在"个人中心"点击"我的订单"，即可查看所有观看记录。\n
观影体验,如何查看我的收藏？,登录后，在"个人中心"点击"我的收藏"，即可查看所有收藏的电影。\n
观影体验,如何查看我的评分？,登录后，在"个人中心"点击"我的评分"，即可查看所有评分。\n
观影体验,如何查看我的评论？,登录后，在"个人中心"点击"我的评论"，即可查看所有评论。\n
观影体验,如何查看我的收藏？,登录后，在"个人中心"点击"我的收藏"，即可查看所有收藏的电影。\n